--
-- PostgreSQL database dump
--

-- Dumped from database version 17.5 (Ubuntu 17.5-1.pgdg24.04+1)
-- Dumped by pg_dump version 17.5 (Ubuntu 17.5-1.pgdg24.04+1)

SET statement_timeout = 0;
SET lock_timeout = 0;
SET idle_in_transaction_session_timeout = 0;
SET transaction_timeout = 0;
SET client_encoding = 'UTF8';
SET standard_conforming_strings = on;
SELECT pg_catalog.set_config('search_path', '', false);
SET check_function_bodies = false;
SET xmloption = content;
SET client_min_messages = warning;
SET row_security = off;

SET default_tablespace = '';

SET default_table_access_method = heap;

--
-- Name: administrativo; Type: TABLE; Schema: public; Owner: postgres
--

CREATE TABLE public.administrativo (
    cpf character varying(11) NOT NULL,
    nivel_acessos integer
);


ALTER TABLE public.administrativo OWNER TO postgres;

--
-- Name: aluno; Type: TABLE; Schema: public; Owner: postgres
--

CREATE TABLE public.aluno (
    cpf character varying(11) NOT NULL,
    nome character varying(70),
    genero character(1),
    data_nasc date,
    email character varying(100)
);


ALTER TABLE public.aluno OWNER TO postgres;

--
-- Name: campeonato; Type: TABLE; Schema: public; Owner: postgres
--

CREATE TABLE public.campeonato (
    id integer NOT NULL,
    data timestamp without time zone,
    sala integer,
    categoria character varying,
    premiacao character varying,
    valor_premiacao double precision,
    status character varying
);


ALTER TABLE public.campeonato OWNER TO postgres;

--
-- Name: campeonato_id_seq; Type: SEQUENCE; Schema: public; Owner: postgres
--

ALTER TABLE public.campeonato ALTER COLUMN id ADD GENERATED BY DEFAULT AS IDENTITY (
    SEQUENCE NAME public.campeonato_id_seq
    START WITH 1
    INCREMENT BY 1
    NO MINVALUE
    NO MAXVALUE
    CACHE 1
);


--
-- Name: equipamentos; Type: TABLE; Schema: public; Owner: postgres
--

CREATE TABLE public.equipamentos (
    id integer NOT NULL,
    tipo character varying(255)
);


ALTER TABLE public.equipamentos OWNER TO postgres;

--
-- Name: equipamentos_id_seq; Type: SEQUENCE; Schema: public; Owner: postgres
--

ALTER TABLE public.equipamentos ALTER COLUMN id ADD GENERATED BY DEFAULT AS IDENTITY (
    SEQUENCE NAME public.equipamentos_id_seq
    START WITH 1
    INCREMENT BY 1
    NO MINVALUE
    NO MAXVALUE
    CACHE 1
);


--
-- Name: funcionario; Type: TABLE; Schema: public; Owner: postgres
--

CREATE TABLE public.funcionario (
    cpf character varying(11) NOT NULL,
    nome character varying(70),
    genero character(1),
    data_admissao date,
    cargo character varying,
    salario numeric(10,2),
    email character varying(100),
    cep character varying(8),
    numero integer,
    complemento character varying(100),
    cpf_adm character varying(11)
);


ALTER TABLE public.funcionario OWNER TO postgres;

--
-- Name: inscricao; Type: TABLE; Schema: public; Owner: postgres
--

CREATE TABLE public.inscricao (
    numero_insc integer NOT NULL,
    taxa numeric(10,2),
    data_insc date,
    id_transacao integer,
    id_campeonato integer,
    cpf_aluno character varying(11)
);


ALTER TABLE public.inscricao OWNER TO postgres;

--
-- Name: inscricao_numero_insc_seq; Type: SEQUENCE; Schema: public; Owner: postgres
--

ALTER TABLE public.inscricao ALTER COLUMN numero_insc ADD GENERATED BY DEFAULT AS IDENTITY (
    SEQUENCE NAME public.inscricao_numero_insc_seq
    START WITH 1
    INCREMENT BY 1
    NO MINVALUE
    NO MAXVALUE
    CACHE 1
);


--
-- Name: instrutor; Type: TABLE; Schema: public; Owner: postgres
--

CREATE TABLE public.instrutor (
    cpf character varying(11) NOT NULL
);


ALTER TABLE public.instrutor OWNER TO postgres;

--
-- Name: instrutor_modalidade; Type: TABLE; Schema: public; Owner: postgres
--

CREATE TABLE public.instrutor_modalidade (
    cpf_instrutor character varying(11) NOT NULL,
    id_modalidade integer NOT NULL,
    nivel_capacitacao integer
);


ALTER TABLE public.instrutor_modalidade OWNER TO postgres;

--
-- Name: matricula; Type: TABLE; Schema: public; Owner: postgres
--

CREATE TABLE public.matricula (
    id integer NOT NULL,
    data_matricula date,
    valor numeric(10,2),
    cpf_aluno character varying(11),
    id_transacao integer,
    id_turma integer
);


ALTER TABLE public.matricula OWNER TO postgres;

--
-- Name: matricula_id_seq; Type: SEQUENCE; Schema: public; Owner: postgres
--

ALTER TABLE public.matricula ALTER COLUMN id ADD GENERATED BY DEFAULT AS IDENTITY (
    SEQUENCE NAME public.matricula_id_seq
    START WITH 1
    INCREMENT BY 1
    NO MINVALUE
    NO MAXVALUE
    CACHE 1
);


--
-- Name: modalidade; Type: TABLE; Schema: public; Owner: postgres
--

CREATE TABLE public.modalidade (
    id integer NOT NULL,
    nome character varying(100)
);


ALTER TABLE public.modalidade OWNER TO postgres;

--
-- Name: modalidade_id_seq; Type: SEQUENCE; Schema: public; Owner: postgres
--

ALTER TABLE public.modalidade ALTER COLUMN id ADD GENERATED BY DEFAULT AS IDENTITY (
    SEQUENCE NAME public.modalidade_id_seq
    START WITH 1
    INCREMENT BY 1
    NO MINVALUE
    NO MAXVALUE
    CACHE 1
);


--
-- Name: pagamentos; Type: TABLE; Schema: public; Owner: postgres
--

CREATE TABLE public.pagamentos (
    id_transacao integer NOT NULL,
    cpf_func character varying(11)
);


ALTER TABLE public.pagamentos OWNER TO postgres;

--
-- Name: sala; Type: TABLE; Schema: public; Owner: postgres
--

CREATE TABLE public.sala (
    numero integer NOT NULL,
    title character varying,
    capacidade integer
);


ALTER TABLE public.sala OWNER TO postgres;

--
-- Name: sala_equipamento; Type: TABLE; Schema: public; Owner: postgres
--

CREATE TABLE public.sala_equipamento (
    id_equipamento integer NOT NULL,
    id_sala integer NOT NULL,
    quantidade integer
);


ALTER TABLE public.sala_equipamento OWNER TO postgres;

--
-- Name: sala_modalidade; Type: TABLE; Schema: public; Owner: postgres
--

CREATE TABLE public.sala_modalidade (
    id_sala integer NOT NULL,
    id_modalidade integer NOT NULL
);


ALTER TABLE public.sala_modalidade OWNER TO postgres;

--
-- Name: transacao_entrada; Type: TABLE; Schema: public; Owner: postgres
--

CREATE TABLE public.transacao_entrada (
    id integer NOT NULL,
    valor numeric(10,2),
    data_hora timestamp without time zone,
    descricao character varying(255),
    emissor character varying(70),
    id_nota_fiscal character varying
);


ALTER TABLE public.transacao_entrada OWNER TO postgres;

--
-- Name: transacao_entrada_id_seq; Type: SEQUENCE; Schema: public; Owner: postgres
--

ALTER TABLE public.transacao_entrada ALTER COLUMN id ADD GENERATED BY DEFAULT AS IDENTITY (
    SEQUENCE NAME public.transacao_entrada_id_seq
    START WITH 1
    INCREMENT BY 1
    NO MINVALUE
    NO MAXVALUE
    CACHE 1
);


--
-- Name: transacao_saida; Type: TABLE; Schema: public; Owner: postgres
--

CREATE TABLE public.transacao_saida (
    id integer NOT NULL,
    valor numeric(10,2),
    data_hora timestamp without time zone,
    descricao character varying(255),
    receptor character varying(70),
    id_nota_fiscal character varying
);


ALTER TABLE public.transacao_saida OWNER TO postgres;

--
-- Name: transacao_saida_id_seq; Type: SEQUENCE; Schema: public; Owner: postgres
--

ALTER TABLE public.transacao_saida ALTER COLUMN id ADD GENERATED BY DEFAULT AS IDENTITY (
    SEQUENCE NAME public.transacao_saida_id_seq
    START WITH 1
    INCREMENT BY 1
    NO MINVALUE
    NO MAXVALUE
    CACHE 1
);


--
-- Name: turma; Type: TABLE; Schema: public; Owner: postgres
--

CREATE TABLE public.turma (
    id integer NOT NULL,
    qtd_aulas_semanais integer,
    horario_inicio time without time zone,
    horario_fim time without time zone,
    tamanho integer,
    genero character(1),
    nivel character varying(20),
    id_modalidade integer,
    cpf_instrutor character varying(11)
);


ALTER TABLE public.turma OWNER TO postgres;

--
-- Name: turma_id_seq; Type: SEQUENCE; Schema: public; Owner: postgres
--

ALTER TABLE public.turma ALTER COLUMN id ADD GENERATED BY DEFAULT AS IDENTITY (
    SEQUENCE NAME public.turma_id_seq
    START WITH 1
    INCREMENT BY 1
    NO MINVALUE
    NO MAXVALUE
    CACHE 1
);


--
-- Name: turma_sala; Type: TABLE; Schema: public; Owner: postgres
--

CREATE TABLE public.turma_sala (
    id_locacao integer NOT NULL,
    id_turma integer,
    id_sala integer,
    inicio_locacao date,
    fim_locacao date
);


ALTER TABLE public.turma_sala OWNER TO postgres;

--
-- Name: turma_sala_id_locacao_seq; Type: SEQUENCE; Schema: public; Owner: postgres
--

ALTER TABLE public.turma_sala ALTER COLUMN id_locacao ADD GENERATED BY DEFAULT AS IDENTITY (
    SEQUENCE NAME public.turma_sala_id_locacao_seq
    START WITH 1
    INCREMENT BY 1
    NO MINVALUE
    NO MAXVALUE
    CACHE 1
);


--
-- Data for Name: administrativo; Type: TABLE DATA; Schema: public; Owner: postgres
--

COPY public.administrativo (cpf, nivel_acessos) FROM stdin;
90000000001	3
90000000002	3
90000000003	2
90000000004	2
90000000005	1
\.


--
-- Data for Name: aluno; Type: TABLE DATA; Schema: public; Owner: postgres
--

COPY public.aluno (cpf, nome, genero, data_nasc, email) FROM stdin;
10000000001	João Pereira	M	2000-01-15	joao.pereira@email.com
10000000002	Maria Oliveira	F	1999-05-23	maria.oliveira@email.com
10000000003	Pedro Santos	M	2001-08-12	pedro.santos@email.com
10000000004	Ana Costa	F	2002-02-20	ana.costa@email.com
10000000005	Lucas Almeida	M	1998-11-30	lucas.almeida@email.com
10000000006	Carla Souza	F	2000-06-18	carla.souza@email.com
10000000007	Rafael Lima	M	1997-09-25	rafael.lima@email.com
10000000008	Juliana Rocha	F	2001-04-10	juliana.rocha@email.com
10000000009	Bruno Martins	M	1999-12-05	bruno.martins@email.com
10000000010	Fernanda Dias	F	2000-07-22	fernanda.dias@email.com
20000000001	Alice Souza	F	2001-01-01	alice.souza@email.com
20000000002	Bruno Lima	M	2001-01-02	bruno.lima@email.com
20000000003	Carla Mendes	F	2001-01-03	carla.mendes@email.com
20000000004	Diego Torres	M	2001-01-04	diego.torres@email.com
20000000005	Elisa Prado	F	2001-01-05	elisa.prado@email.com
20000000006	Fábio Faria	M	2001-01-06	fabio.faria@email.com
20000000007	Giovana Lima	F	2001-01-07	giovana.lima@email.com
20000000008	Henrique Rocha	M	2001-01-08	henrique.rocha@email.com
20000000009	Isabela Duarte	F	2001-01-09	isabela.duarte@email.com
20000000010	João Alves	M	2001-01-10	joao.alves@email.com
20000000011	Karen Reis	F	2001-01-11	karen.reis@email.com
20000000012	Leonardo Dias	M	2001-01-12	leonardo.dias@email.com
20000000013	Marina Ramos	F	2001-01-13	marina.ramos@email.com
20000000014	Nicolas Martins	M	2001-01-14	nicolas.martins@email.com
20000000015	Olívia Lopes	F	2001-01-15	olivia.lopes@email.com
20000000016	Paulo Barros	M	2001-01-16	paulo.barros@email.com
20000000017	Quésia Nunes	F	2001-01-17	quesia.nunes@email.com
20000000018	Rafael Castro	M	2001-01-18	rafael.castro@email.com
20000000019	Sabrina Teixeira	F	2001-01-19	sabrina.teixeira@email.com
20000000020	Thiago Pires	M	2001-01-20	thiago.pires@email.com
20000000021	Ursula Cardoso	F	2001-01-21	ursula.cardoso@email.com
20000000022	Victor Ferreira	M	2001-01-22	victor.ferreira@email.com
20000000023	Wanda Silva	F	2001-01-23	wanda.silva@email.com
20000000024	Xavier Gomes	M	2001-01-24	xavier.gomes@email.com
20000000025	Yasmin Pinto	F	2001-01-25	yasmin.pinto@email.com
20000000026	Zeca Rocha	M	2001-01-26	zeca.rocha@email.com
20000000027	Ana Paula	F	2001-01-27	ana.paula@email.com
20000000028	Brenda Souza	F	2001-01-28	brenda.souza@email.com
20000000029	Caio Lima	M	2001-01-29	caio.lima@email.com
20000000030	Diana Mendes	F	2001-01-30	diana.mendes@email.com
20000000031	Eduardo Torres	M	2001-01-31	eduardo.torres@email.com
20000000032	Fernanda Prado	F	2001-02-01	fernanda.prado@email.com
20000000033	Guilherme Faria	M	2001-02-02	guilherme.faria@email.com
20000000034	Helena Lima	F	2001-02-03	helena.lima@email.com
20000000035	Igor Rocha	M	2001-02-04	igor.rocha@email.com
20000000036	Juliana Duarte	F	2001-02-05	juliana.duarte@email.com
20000000037	Kleber Alves	M	2001-02-06	kleber.alves@email.com
20000000038	Larissa Reis	F	2001-02-07	larissa.reis@email.com
20000000039	Marcelo Dias	M	2001-02-08	marcelo.dias@email.com
20000000040	Natália Ramos	F	2001-02-09	natalia.ramos@email.com
\.


--
-- Data for Name: campeonato; Type: TABLE DATA; Schema: public; Owner: postgres
--

COPY public.campeonato (id, data, sala, categoria, premiacao, valor_premiacao, status) FROM stdin;
1	2025-02-15 10:00:00	1	Solo	Troféu	100	Agendado
2	2025-04-20 14:00:00	2	Dueto	Medalha	150	Agendado
3	2025-06-30 09:00:00	3	Grupo	Dinheiro	200	Agendado
4	2025-09-05 16:00:00	1	Solo	Voucher	120	Agendado
5	2025-11-18 13:00:00	2	Grupo	Dinheiro	250	Agendado
\.


--
-- Data for Name: equipamentos; Type: TABLE DATA; Schema: public; Owner: postgres
--

COPY public.equipamentos (id, tipo) FROM stdin;
1	Barra de ballet
2	Espelho de parede
3	Caixa de som profissional
4	Piso flutuante para dança
5	Tapete de sapateado
6	Luz cênica para palco
7	Ventilador de parede
8	Cortina blackout
9	Bastão de alongamento
10	Colchonete de alongamento
11	Bola suíça
12	Step de dança
13	Faixa elástica
14	Corda de pular
15	Kit de cones para marcação
16	Bastão de jazz
17	Banco para alongamento
18	Kit de pesos leves
19	Fita de ginástica rítmica
20	Arara para figurinos
21	Suporte para figurinos
22	Kit de bambolês
23	Kit de lenços para dança do ventre
24	Leques de dança
25	Sombrinhas de frevo
26	Chapéus para dança de salão
27	Luvas para jazz
28	Saias de dança flamenca
29	Sapatos de sapateado
30	Sapatilhas de ballet
31	Tacos de dança irlandesa
32	Cintos de moedas para dança do ventre
33	Lenços de quadril
34	Pandeiros para dança cigana
35	Castanholas
36	Bastão de dança do ventre
37	Fitas de led para dança contemporânea
38	Kit de adereços para dança afro
39	Máscaras para dança teatral
40	Bastão de fitas
41	Kit de acessórios para dança havaiana
\.


--
-- Data for Name: funcionario; Type: TABLE DATA; Schema: public; Owner: postgres
--

COPY public.funcionario (cpf, nome, genero, data_admissao, cargo, salario, email, cep, numero, complemento, cpf_adm) FROM stdin;
90000000001	Patrícia Souza	F	2014-02-10	Administrador	5000.00	patricia.souza@escoladanca.com	12345900	201	Apto 201	\N
90000000002	Roberto Lima	M	2013-08-15	Administrador	5200.00	roberto.lima@escoladanca.com	12345901	202	Apto 202	\N
90000000003	Fernanda Alves	F	2016-05-20	Administrador	5100.00	fernanda.alves@escoladanca.com	12345902	203	Apto 203	\N
90000000004	Marcelo Dias	M	2012-11-30	Administrador	5300.00	marcelo.dias@escoladanca.com	12345903	204	Apto 204	\N
90000000005	Juliana Martins	F	2015-04-18	Administrador	5050.00	juliana.martins@escoladanca.com	12345904	205	Apto 205	\N
11111111111	Carlos Silva	M	2015-03-10	Instrutor de Ballet	3500.00	carlos@escoladanca.com	12345000	100	Apto 101	90000000001
22222222222	Ana Souza	F	2017-07-21	Instrutora de Dança de Salão	3400.00	ana@escoladanca.com	12345001	101	Apto 102	90000000001
10000000026	Vinícius Souza	M	2020-01-06	Instrutor de Zouk	3200.00	vinicius.souza@escoladanca.com	12345026	126	Apto 126	90000000001
10000000027	Amanda Rocha	F	2020-01-07	Instrutora de Bolero	3200.00	amanda.rocha@escoladanca.com	12345027	127	Apto 127	90000000001
10000000036	Thiago Nunes	M	2020-01-16	Instrutor de Popping	3200.00	thiago.nunes@escoladanca.com	12345036	136	Apto 136	90000000001
10000000037	Aline Castro	F	2020-01-17	Instrutora de Locking	3200.00	aline.castro@escoladanca.com	12345037	137	Apto 137	90000000001
10000000046	Fernando Souza	M	2020-01-26	Instrutor de Pole Dance	3200.00	fernando.souza@escoladanca.com	12345046	146	Apto 146	90000000001
10000000047	Isabela Lima	F	2020-01-27	Instrutora de Dança Afro	3200.00	isabela.lima@escoladanca.com	12345047	147	Apto 147	90000000001
10000000056	Vitor Nunes	M	2020-02-05	Instrutor de Dança Ucraniana	3200.00	vitor.nunes@escoladanca.com	12345056	156	Apto 156	90000000001
10000000057	Wanda Teixeira	F	2020-02-06	Instrutora de Dança Polonesa	3200.00	wanda.teixeira@escoladanca.com	12345057	157	Apto 157	90000000001
33333333333	Pedro Lima	M	2018-01-15	Instrutor de Dança Contemporânea	3300.00	pedro@escoladanca.com	12345002	102	Apto 103	90000000002
44444444444	Mariana Costa	F	2016-09-05	Instrutora de Street Dance	3200.00	mariana@escoladanca.com	12345003	103	Apto 104	90000000002
10000000028	Felipe Duarte	M	2020-01-08	Instrutor de Tango	3200.00	felipe.duarte@escoladanca.com	12345028	128	Apto 128	90000000002
10000000029	Bianca Alves	F	2020-01-09	Instrutora de Salsa	3200.00	bianca.alves@escoladanca.com	12345029	129	Apto 129	90000000002
10000000038	Bruno Teixeira	M	2020-01-18	Instrutor de Waacking	3200.00	bruno.teixeira@escoladanca.com	12345038	138	Apto 138	90000000002
10000000039	Letícia Pires	F	2020-01-19	Instrutora de Vogue	3200.00	leticia.pires@escoladanca.com	12345039	139	Apto 139	90000000002
10000000048	Marcelo Vieira	M	2020-01-28	Instrutor de Dança Cigana	3200.00	marcelo.vieira@escoladanca.com	12345048	148	Apto 148	90000000002
10000000049	Natália Souza	F	2020-01-29	Instrutora de Dança Indiana	3200.00	natalia.souza@escoladanca.com	12345049	149	Apto 149	90000000002
10000000058	Xavier Cardoso	M	2020-02-07	Instrutor de Dança Alemã	3200.00	xavier.cardoso@escoladanca.com	12345058	158	Apto 158	90000000002
10000000059	Yasmin Ferreira	F	2020-02-08	Instrutora de Dança Francesa	3200.00	yasmin.ferreira@escoladanca.com	12345059	159	Apto 159	90000000002
55555555555	Lucas Martins	M	2019-11-30	Instrutor de Dança do Ventre	3100.00	lucas@escoladanca.com	12345004	104	Apto 105	90000000003
10000000021	Gabriela Torres	F	2020-01-01	Instrutora de Jazz	3200.00	gabriela.torres@escoladanca.com	12345021	121	Apto 121	90000000003
10000000030	Rodrigo Reis	M	2020-01-10	Instrutor de Merengue	3200.00	rodrigo.reis@escoladanca.com	12345030	130	Apto 130	90000000003
10000000031	Carolina Dias	F	2020-01-11	Instrutora de Kizomba	3200.00	carolina.dias@escoladanca.com	12345031	131	Apto 131	90000000003
10000000040	Daniel Cardoso	M	2020-01-20	Instrutor de House	3200.00	daniel.cardoso@escoladanca.com	12345040	140	Apto 140	90000000003
10000000041	Paula Ferreira	F	2020-01-21	Instrutora de Dancehall	3200.00	paula.ferreira@escoladanca.com	12345041	141	Apto 141	90000000003
10000000050	Otávio Ramos	M	2020-01-30	Instrutor de Dança Irlandesa	3200.00	otavio.ramos@escoladanca.com	12345050	150	Apto 150	90000000003
10000000051	Priscila Duarte	F	2020-01-31	Instrutora de Dança Havaiana	3200.00	priscila.duarte@escoladanca.com	12345051	151	Apto 151	90000000003
10000000060	Zeca Silva	M	2020-02-09	Instrutor de Dança Árabe	3200.00	zeca.silva@escoladanca.com	12345060	160	Apto 160	90000000003
10000000022	Rafael Mendes	M	2020-01-02	Instrutor de Sapateado	3200.00	rafael.mendes@escoladanca.com	12345022	122	Apto 122	90000000004
10000000023	Juliana Prado	F	2020-01-03	Instrutora de Flamenco	3200.00	juliana.prado@escoladanca.com	12345023	123	Apto 123	90000000004
10000000032	Eduardo Ramos	M	2020-01-12	Instrutor de Lambada	3200.00	eduardo.ramos@escoladanca.com	12345032	132	Apto 132	90000000004
10000000033	Renata Martins	F	2020-01-13	Instrutora de Rockabilly	3200.00	renata.martins@escoladanca.com	12345033	133	Apto 133	90000000004
10000000042	Henrique Silva	M	2020-01-22	Instrutor de Afrobeat	3200.00	henrique.silva@escoladanca.com	12345042	142	Apto 142	90000000004
10000000043	Tatiane Gomes	F	2020-01-23	Instrutora de Jazz Funk	3200.00	tatiane.gomes@escoladanca.com	12345043	143	Apto 143	90000000004
10000000052	Ricardo Lopes	M	2020-02-01	Instrutor de Dança Gaúcha	3200.00	ricardo.lopes@escoladanca.com	12345052	152	Apto 152	90000000004
10000000053	Sabrina Costa	F	2020-02-02	Instrutora de Dança Grega	3200.00	sabrina.costa@escoladanca.com	12345053	153	Apto 153	90000000004
10000000024	Lucas Faria	M	2020-01-04	Instrutor de Forró	3200.00	lucas.faria@escoladanca.com	12345024	124	Apto 124	90000000005
10000000025	Patrícia Lima	F	2020-01-05	Instrutora de Samba	3200.00	patricia.lima@escoladanca.com	12345025	125	Apto 125	90000000005
10000000034	Gustavo Lopes	M	2020-01-14	Instrutor de Swing	3200.00	gustavo.lopes@escoladanca.com	12345034	134	Apto 134	90000000005
10000000035	Marina Barros	F	2020-01-15	Instrutora de Lindy Hop	3200.00	marina.barros@escoladanca.com	12345035	135	Apto 135	90000000005
10000000044	Alexandre Pinto	M	2020-01-24	Instrutor de Heels	3200.00	alexandre.pinto@escoladanca.com	12345044	144	Apto 144	90000000005
10000000045	Camila Rocha	F	2020-01-25	Instrutora de Stiletto	3200.00	camila.rocha@escoladanca.com	12345045	145	Apto 145	90000000005
10000000054	Tiago Martins	M	2020-02-03	Instrutor de Dança Italiana	3200.00	tiago.martins@escoladanca.com	12345054	154	Apto 154	90000000005
10000000055	Ursula Barros	F	2020-02-04	Instrutora de Dança Russa	3200.00	ursula.barros@escoladanca.com	12345055	155	Apto 155	90000000005
\.


--
-- Data for Name: inscricao; Type: TABLE DATA; Schema: public; Owner: postgres
--

COPY public.inscricao (numero_insc, taxa, data_insc, id_transacao, id_campeonato, cpf_aluno) FROM stdin;
1	45.00	2025-01-10	1	1	20000000040
2	48.00	2025-01-10	2	1	20000000001
3	50.00	2025-01-11	3	1	20000000002
4	30.00	2025-01-12	4	1	20000000003
5	20.00	2025-01-13	5	1	20000000004
6	25.00	2025-03-01	6	2	20000000005
7	44.00	2025-03-01	7	2	20000000006
8	35.00	2025-03-02	8	2	20000000007
9	50.00	2025-03-03	9	2	20000000008
10	47.00	2025-03-04	10	2	20000000009
11	32.00	2025-05-01	11	3	20000000010
12	36.00	2025-05-01	12	3	20000000011
13	50.00	2025-05-01	13	3	20000000012
14	28.00	2025-05-02	14	3	20000000013
15	45.00	2025-05-03	15	3	20000000014
16	22.00	2025-07-20	16	4	10000000001
17	39.00	2025-07-21	17	4	10000000002
18	30.00	2025-07-22	18	4	10000000003
19	46.00	2025-07-23	19	4	10000000004
20	50.00	2025-07-24	20	4	10000000005
21	40.00	2025-10-10	21	5	10000000006
22	38.00	2025-10-11	22	5	10000000007
23	29.00	2025-10-12	23	5	10000000008
24	33.00	2025-10-13	24	5	10000000009
25	49.00	2025-10-14	25	5	10000000010
26	27.00	2025-10-15	26	5	20000000015
27	23.00	2025-10-16	27	5	20000000016
28	36.00	2025-10-17	28	5	20000000017
29	31.00	2025-10-18	29	5	20000000018
30	45.00	2025-10-19	30	5	20000000019
\.


--
-- Data for Name: instrutor; Type: TABLE DATA; Schema: public; Owner: postgres
--

COPY public.instrutor (cpf) FROM stdin;
11111111111
22222222222
33333333333
44444444444
55555555555
10000000021
10000000022
10000000023
10000000024
10000000025
10000000026
10000000027
10000000028
10000000029
10000000030
10000000031
10000000032
10000000033
10000000034
10000000035
10000000036
10000000037
10000000038
10000000039
10000000040
10000000041
10000000042
10000000043
10000000044
10000000045
10000000046
10000000047
10000000048
10000000049
10000000050
10000000051
10000000052
10000000053
10000000054
10000000055
10000000056
10000000057
10000000058
10000000059
10000000060
\.


--
-- Data for Name: instrutor_modalidade; Type: TABLE DATA; Schema: public; Owner: postgres
--

COPY public.instrutor_modalidade (cpf_instrutor, id_modalidade, nivel_capacitacao) FROM stdin;
11111111111	1	2
22222222222	2	1
33333333333	3	3
44444444444	4	1
55555555555	5	2
10000000021	6	3
10000000022	7	1
10000000023	8	2
10000000024	9	3
10000000025	10	2
10000000026	11	1
10000000027	12	3
10000000028	13	2
10000000029	14	1
10000000030	15	2
10000000031	16	3
10000000032	17	1
10000000033	18	2
10000000034	19	3
10000000035	20	1
10000000036	21	2
10000000037	22	3
10000000038	23	1
10000000039	24	2
10000000040	25	3
10000000041	26	1
10000000042	27	2
10000000043	28	3
10000000044	29	1
10000000045	30	2
10000000046	31	3
10000000047	32	1
10000000048	33	2
10000000049	34	3
10000000050	35	1
10000000051	36	2
10000000052	37	3
10000000053	38	1
10000000054	39	2
10000000055	40	3
10000000056	41	1
10000000057	42	2
10000000058	43	3
10000000059	44	1
10000000060	45	2
\.


--
-- Data for Name: matricula; Type: TABLE DATA; Schema: public; Owner: postgres
--

COPY public.matricula (id, data_matricula, valor, cpf_aluno, id_transacao, id_turma) FROM stdin;
1	2025-01-10	200.00	10000000001	1	1
2	2025-01-11	200.00	10000000002	2	2
3	2025-01-12	200.00	10000000003	3	3
4	2025-01-13	200.00	10000000004	4	4
5	2025-01-14	200.00	10000000005	5	5
6	2025-01-15	200.00	10000000006	6	1
7	2025-01-16	200.00	10000000007	7	2
8	2025-01-17	200.00	10000000008	8	3
9	2025-01-18	200.00	10000000009	9	4
10	2025-01-19	200.00	10000000010	10	5
11	2025-01-20	210.00	20000000001	11	6
12	2025-01-21	210.00	20000000002	12	7
13	2025-01-22	210.00	20000000003	13	8
14	2025-01-23	210.00	20000000004	14	9
15	2025-01-24	210.00	20000000005	15	10
16	2025-01-25	210.00	20000000006	16	11
17	2025-01-26	210.00	20000000007	17	12
18	2025-01-27	210.00	20000000008	18	13
19	2025-01-28	210.00	20000000009	19	14
20	2025-01-29	210.00	20000000010	20	15
21	2025-01-30	210.00	20000000011	21	16
22	2025-01-31	210.00	20000000012	22	17
23	2025-02-01	210.00	20000000013	23	18
24	2025-02-02	210.00	20000000014	24	19
25	2025-02-03	210.00	20000000015	25	20
26	2025-02-04	210.00	20000000016	26	21
27	2025-02-05	210.00	20000000017	27	22
28	2025-02-06	210.00	20000000018	28	23
29	2025-02-07	210.00	20000000019	29	24
30	2025-02-08	210.00	20000000020	30	25
31	2025-02-09	210.00	20000000021	31	26
32	2025-02-10	210.00	20000000022	32	27
33	2025-02-11	210.00	20000000023	33	28
34	2025-02-12	210.00	20000000024	34	29
35	2025-02-13	210.00	20000000025	35	30
36	2025-02-14	210.00	20000000026	36	31
37	2025-02-15	210.00	20000000027	37	32
38	2025-02-16	210.00	20000000028	38	33
39	2025-02-17	210.00	20000000029	39	34
40	2025-02-18	210.00	20000000030	40	35
41	2025-02-19	210.00	20000000031	41	36
42	2025-02-20	210.00	20000000032	42	37
43	2025-02-21	210.00	20000000033	43	38
44	2025-02-22	210.00	20000000034	44	39
45	2025-02-23	210.00	20000000035	45	40
46	2025-02-24	210.00	20000000036	46	1
47	2025-02-25	210.00	20000000037	47	2
48	2025-02-26	210.00	20000000038	48	3
49	2025-02-27	210.00	20000000039	49	4
50	2025-02-28	210.00	20000000040	50	5
\.


--
-- Data for Name: modalidade; Type: TABLE DATA; Schema: public; Owner: postgres
--

COPY public.modalidade (id, nome) FROM stdin;
1	Ballet
2	Dança de Salão
3	Dança Contemporânea
4	Street Dance
5	Dança do Ventre
6	Jazz
7	Sapateado
8	Flamenco
9	Forró
10	Samba de Gafieira
11	Zouk
12	Bolero
13	Tango
14	Salsa
15	Merengue
16	Kizomba
17	Lambada
18	Rockabilly
19	Swing
20	Lindy Hop
21	Popping
22	Locking
23	Waacking
24	Vogue
25	House Dance
26	Dancehall
27	Afrobeat
28	Jazz Funk
29	Heels
30	Stiletto
31	Pole Dance
32	Dança Afro
33	Dança Cigana
34	Dança Indiana
35	Dança Irlandesa
36	Dança Havaiana
37	Dança Flamenca
38	Dança Gaúcha
39	Dança Grega
40	Dança Italiana
41	Dança Russa
42	Dança Ucraniana
43	Dança Polonesa
44	Dança Alemã
45	Dança Francesa
46	Dança Árabe
47	Dança Chinesa
\.


--
-- Data for Name: pagamentos; Type: TABLE DATA; Schema: public; Owner: postgres
--

COPY public.pagamentos (id_transacao, cpf_func) FROM stdin;
1	90000000001
2	90000000002
3	90000000003
4	90000000004
5	90000000005
6	11111111111
7	22222222222
8	10000000026
9	10000000027
10	10000000036
11	10000000037
12	10000000046
13	10000000047
14	10000000056
15	10000000057
16	33333333333
17	44444444444
18	10000000028
19	10000000029
20	10000000038
21	10000000039
22	10000000048
23	10000000049
24	10000000058
25	10000000059
26	55555555555
27	10000000021
28	10000000030
29	10000000031
30	10000000040
31	10000000041
32	10000000050
33	10000000051
34	10000000060
35	10000000022
36	10000000023
37	10000000032
38	10000000033
39	10000000042
40	10000000043
41	10000000052
42	10000000053
43	10000000024
44	10000000025
45	10000000034
46	10000000035
47	10000000044
48	10000000045
49	10000000054
50	10000000055
\.


--
-- Data for Name: sala; Type: TABLE DATA; Schema: public; Owner: postgres
--

COPY public.sala (numero, title, capacidade) FROM stdin;
1	Estúdio Principal	40
2	Sala de Ballet	30
3	Sala de Dança de Salão	25
4	Sala Contemporânea	20
5	Sala Street Dance	35
6	Sala Jazz	25
7	Sala Sapateado	20
8	Sala Flamenco	18
9	Sala Forró	22
10	Sala Samba	24
11	Sala Zouk	19
12	Sala Bolero	21
13	Sala Tango	23
14	Sala Salsa	20
15	Sala Merengue	18
16	Sala Kizomba	22
17	Sala Lambada	24
18	Sala Rockabilly	19
19	Sala Swing	21
20	Sala Lindy Hop	23
21	Sala Popping	20
22	Sala Locking	18
23	Sala Waacking	22
24	Sala Vogue	24
25	Sala House	19
26	Sala Dancehall	21
27	Sala Afrobeat	23
28	Sala Jazz Funk	20
29	Sala Heels	18
30	Sala Stiletto	22
31	Sala Pole	24
32	Sala Afro	19
33	Sala Cigana	21
34	Sala Indiana	23
35	Sala Irlandesa	20
36	Sala Havaiana	18
37	Sala Gaúcha	22
38	Sala Grega	24
39	Sala Italiana	19
40	Sala Russa	21
41	Sala Ucraniana	23
42	Sala Polonesa	20
43	Sala Alemã	18
44	Sala Francesa	22
45	Sala Árabe	24
\.


--
-- Data for Name: sala_equipamento; Type: TABLE DATA; Schema: public; Owner: postgres
--

COPY public.sala_equipamento (id_equipamento, id_sala, quantidade) FROM stdin;
2	2	2
1	2	1
29	2	20
3	3	2
25	3	10
4	4	1
36	4	4
3	5	2
6	5	4
23	5	10
31	5	8
35	5	8
16	6	5
2	6	1
5	7	2
28	7	10
34	8	8
3	9	1
3	10	1
25	10	10
3	11	1
3	12	1
3	13	1
3	14	1
3	15	1
3	16	1
3	17	1
3	18	1
3	19	1
3	20	1
3	21	1
3	22	1
3	23	1
3	24	1
3	25	1
3	26	1
37	27	6
16	28	3
26	29	10
26	30	10
10	31	8
37	32	6
33	33	8
24	34	8
30	35	8
39	36	8
27	8	8
25	37	8
24	38	8
24	39	8
24	40	8
24	41	8
24	42	8
24	43	8
24	44	8
35	45	8
\.


--
-- Data for Name: sala_modalidade; Type: TABLE DATA; Schema: public; Owner: postgres
--

COPY public.sala_modalidade (id_sala, id_modalidade) FROM stdin;
2	1
3	2
4	3
5	4
5	5
6	6
7	7
8	8
9	9
10	10
11	11
12	12
13	13
14	14
15	15
16	16
17	17
18	18
19	19
20	20
21	21
22	22
23	23
24	24
25	25
26	26
27	27
28	28
29	29
30	30
31	31
32	32
33	33
34	34
35	35
36	36
8	37
37	38
38	39
39	40
40	41
41	42
42	43
43	44
44	45
45	46
1	47
\.


--
-- Data for Name: transacao_entrada; Type: TABLE DATA; Schema: public; Owner: postgres
--

COPY public.transacao_entrada (id, valor, data_hora, descricao, emissor, id_nota_fiscal) FROM stdin;
1	200.00	2025-01-10 09:00:00	Pagamento matrícula	Aluno	NF001
2	200.00	2025-01-11 10:00:00	Pagamento matrícula	Aluno	NF002
3	200.00	2025-01-12 11:00:00	Pagamento matrícula	Aluno	NF003
4	200.00	2025-01-13 12:00:00	Pagamento matrícula	Aluno	NF004
5	200.00	2025-01-14 13:00:00	Pagamento matrícula	Aluno	NF005
6	200.00	2025-01-15 14:00:00	Pagamento matrícula	Aluno	NF006
7	200.00	2025-01-16 15:00:00	Pagamento matrícula	Aluno	NF007
8	200.00	2025-01-17 16:00:00	Pagamento matrícula	Aluno	NF008
9	200.00	2025-01-18 17:00:00	Pagamento matrícula	Aluno	NF009
10	200.00	2025-01-19 18:00:00	Pagamento matrícula	Aluno	NF010
11	210.00	2025-01-20 09:00:00	Pagamento matrícula	Aluno	NF011
12	210.00	2025-01-21 10:00:00	Pagamento matrícula	Aluno	NF012
13	210.00	2025-01-22 11:00:00	Pagamento matrícula	Aluno	NF013
14	210.00	2025-01-23 12:00:00	Pagamento matrícula	Aluno	NF014
15	210.00	2025-01-24 13:00:00	Pagamento matrícula	Aluno	NF015
16	210.00	2025-01-25 14:00:00	Pagamento matrícula	Aluno	NF016
17	210.00	2025-01-26 15:00:00	Pagamento matrícula	Aluno	NF017
18	210.00	2025-01-27 16:00:00	Pagamento matrícula	Aluno	NF018
19	210.00	2025-01-28 17:00:00	Pagamento matrícula	Aluno	NF019
20	210.00	2025-01-29 18:00:00	Pagamento matrícula	Aluno	NF020
21	210.00	2025-01-30 09:00:00	Pagamento matrícula	Aluno	NF021
22	210.00	2025-01-31 10:00:00	Pagamento matrícula	Aluno	NF022
23	210.00	2025-02-01 11:00:00	Pagamento matrícula	Aluno	NF023
24	210.00	2025-02-02 12:00:00	Pagamento matrícula	Aluno	NF024
25	210.00	2025-02-03 13:00:00	Pagamento matrícula	Aluno	NF025
26	210.00	2025-02-04 14:00:00	Pagamento matrícula	Aluno	NF026
27	210.00	2025-02-05 15:00:00	Pagamento matrícula	Aluno	NF027
28	210.00	2025-02-06 16:00:00	Pagamento matrícula	Aluno	NF028
29	210.00	2025-02-07 17:00:00	Pagamento matrícula	Aluno	NF029
30	210.00	2025-02-08 18:00:00	Pagamento matrícula	Aluno	NF030
31	210.00	2025-02-09 09:00:00	Pagamento matrícula	Aluno	NF031
32	210.00	2025-02-10 10:00:00	Pagamento matrícula	Aluno	NF032
33	210.00	2025-02-11 11:00:00	Pagamento matrícula	Aluno	NF033
34	210.00	2025-02-12 12:00:00	Pagamento matrícula	Aluno	NF034
35	210.00	2025-02-13 13:00:00	Pagamento matrícula	Aluno	NF035
36	210.00	2025-02-14 14:00:00	Pagamento matrícula	Aluno	NF036
37	210.00	2025-02-15 15:00:00	Pagamento matrícula	Aluno	NF037
38	210.00	2025-02-16 16:00:00	Pagamento matrícula	Aluno	NF038
39	210.00	2025-02-17 17:00:00	Pagamento matrícula	Aluno	NF039
40	210.00	2025-02-18 18:00:00	Pagamento matrícula	Aluno	NF040
41	210.00	2025-02-19 09:00:00	Pagamento matrícula	Aluno	NF041
42	210.00	2025-02-20 10:00:00	Pagamento matrícula	Aluno	NF042
43	210.00	2025-02-21 11:00:00	Pagamento matrícula	Aluno	NF043
44	210.00	2025-02-22 12:00:00	Pagamento matrícula	Aluno	NF044
45	210.00	2025-02-23 13:00:00	Pagamento matrícula	Aluno	NF045
46	210.00	2025-02-24 14:00:00	Pagamento matrícula	Aluno	NF046
47	210.00	2025-02-25 15:00:00	Pagamento matrícula	Aluno	NF047
48	210.00	2025-02-26 16:00:00	Pagamento matrícula	Aluno	NF048
49	210.00	2025-02-27 17:00:00	Pagamento matrícula	Aluno	NF049
50	210.00	2025-02-28 18:00:00	Pagamento matrícula	Aluno	NF050
51	45.00	2025-01-10 09:00:00	Inscrição Campeonato 1	PIX	NF001
52	48.00	2025-01-10 09:30:00	Inscrição Campeonato 1	PIX	NF002
53	50.00	2025-01-11 10:00:00	Inscrição Campeonato 1	Cartão	NF003
54	30.00	2025-01-12 11:00:00	Inscrição Campeonato 1	Dinheiro	NF004
55	20.00	2025-01-13 11:30:00	Inscrição Campeonato 1	PIX	NF005
56	25.00	2025-03-01 09:15:00	Inscrição Campeonato 2	PIX	NF006
57	44.00	2025-03-01 10:00:00	Inscrição Campeonato 2	Cartão	NF007
58	35.00	2025-03-02 11:45:00	Inscrição Campeonato 2	PIX	NF008
59	50.00	2025-03-03 13:00:00	Inscrição Campeonato 2	PIX	NF009
60	47.00	2025-03-04 14:30:00	Inscrição Campeonato 2	Dinheiro	NF010
61	32.00	2025-05-01 08:00:00	Inscrição Campeonato 3	Cartão	NF051
62	36.00	2025-05-01 09:30:00	Inscrição Campeonato 3	PIX	NF052
63	50.00	2025-05-01 10:45:00	Inscrição Campeonato 3	Cartão	NF053
64	28.00	2025-05-02 12:00:00	Inscrição Campeonato 3	PIX	NF054
65	45.00	2025-05-03 14:20:00	Inscrição Campeonato 3	Dinheiro	NF055
66	22.00	2025-07-20 09:00:00	Inscrição Campeonato 4	PIX	NF056
67	39.00	2025-07-21 10:30:00	Inscrição Campeonato 4	Cartão	NF057
68	30.00	2025-07-22 11:50:00	Inscrição Campeonato 4	PIX	NF058
69	46.00	2025-07-23 13:10:00	Inscrição Campeonato 4	PIX	NF059
70	50.00	2025-07-24 15:00:00	Inscrição Campeonato 4	Dinheiro	NF060
71	40.00	2025-10-10 08:10:00	Inscrição Campeonato 5	PIX	NF061
72	38.00	2025-10-11 09:40:00	Inscrição Campeonato 5	PIX	NF062
73	29.00	2025-10-12 11:00:00	Inscrição Campeonato 5	Cartão	NF063
74	33.00	2025-10-13 13:30:00	Inscrição Campeonato 5	Dinheiro	NF064
75	49.00	2025-10-14 16:00:00	Inscrição Campeonato 5	Cartão	NF065
76	27.00	2025-10-15 10:15:00	Inscrição Campeonato 5	PIX	NF066
77	23.00	2025-10-16 12:20:00	Inscrição Campeonato 5	PIX	NF067
78	36.00	2025-10-17 14:10:00	Inscrição Campeonato 5	PIX	NF068
79	31.00	2025-10-18 15:00:00	Inscrição Campeonato 5	Cartão	NF069
80	45.00	2025-10-19 17:45:00	Inscrição Campeonato 5	PIX	NF070
\.


--
-- Data for Name: transacao_saida; Type: TABLE DATA; Schema: public; Owner: postgres
--

COPY public.transacao_saida (id, valor, data_hora, descricao, receptor, id_nota_fiscal) FROM stdin;
1	5000.00	2025-02-28 09:00:00	Pagamento de salário	90000000001	SAL202502
2	5200.00	2025-02-28 09:00:00	Pagamento de salário	90000000002	SAL202502
3	5100.00	2025-02-28 09:00:00	Pagamento de salário	90000000003	SAL202502
4	5300.00	2025-02-28 09:00:00	Pagamento de salário	90000000004	SAL202502
5	5050.00	2025-02-28 09:00:00	Pagamento de salário	90000000005	SAL202502
6	3500.00	2025-02-28 09:00:00	Pagamento de salário	11111111111	SAL202502
7	3400.00	2025-02-28 09:00:00	Pagamento de salário	22222222222	SAL202502
8	3200.00	2025-02-28 09:00:00	Pagamento de salário	10000000026	SAL202502
9	3200.00	2025-02-28 09:00:00	Pagamento de salário	10000000027	SAL202502
10	3200.00	2025-02-28 09:00:00	Pagamento de salário	10000000036	SAL202502
11	3200.00	2025-02-28 09:00:00	Pagamento de salário	10000000037	SAL202502
12	3200.00	2025-02-28 09:00:00	Pagamento de salário	10000000046	SAL202502
13	3200.00	2025-02-28 09:00:00	Pagamento de salário	10000000047	SAL202502
14	3200.00	2025-02-28 09:00:00	Pagamento de salário	10000000056	SAL202502
15	3200.00	2025-02-28 09:00:00	Pagamento de salário	10000000057	SAL202502
16	3300.00	2025-02-28 09:00:00	Pagamento de salário	33333333333	SAL202502
17	3200.00	2025-02-28 09:00:00	Pagamento de salário	44444444444	SAL202502
18	3200.00	2025-02-28 09:00:00	Pagamento de salário	10000000028	SAL202502
19	3200.00	2025-02-28 09:00:00	Pagamento de salário	10000000029	SAL202502
20	3200.00	2025-02-28 09:00:00	Pagamento de salário	10000000038	SAL202502
21	3200.00	2025-02-28 09:00:00	Pagamento de salário	10000000039	SAL202502
22	3200.00	2025-02-28 09:00:00	Pagamento de salário	10000000048	SAL202502
23	3200.00	2025-02-28 09:00:00	Pagamento de salário	10000000049	SAL202502
24	3200.00	2025-02-28 09:00:00	Pagamento de salário	10000000058	SAL202502
25	3200.00	2025-02-28 09:00:00	Pagamento de salário	10000000059	SAL202502
26	3100.00	2025-02-28 09:00:00	Pagamento de salário	55555555555	SAL202502
27	3200.00	2025-02-28 09:00:00	Pagamento de salário	10000000021	SAL202502
28	3200.00	2025-02-28 09:00:00	Pagamento de salário	10000000030	SAL202502
29	3200.00	2025-02-28 09:00:00	Pagamento de salário	10000000031	SAL202502
30	3200.00	2025-02-28 09:00:00	Pagamento de salário	10000000040	SAL202502
31	3200.00	2025-02-28 09:00:00	Pagamento de salário	10000000041	SAL202502
32	3200.00	2025-02-28 09:00:00	Pagamento de salário	10000000050	SAL202502
33	3200.00	2025-02-28 09:00:00	Pagamento de salário	10000000051	SAL202502
34	3200.00	2025-02-28 09:00:00	Pagamento de salário	10000000060	SAL202502
35	3200.00	2025-02-28 09:00:00	Pagamento de salário	10000000022	SAL202502
36	3200.00	2025-02-28 09:00:00	Pagamento de salário	10000000023	SAL202502
37	3200.00	2025-02-28 09:00:00	Pagamento de salário	10000000032	SAL202502
38	3200.00	2025-02-28 09:00:00	Pagamento de salário	10000000033	SAL202502
39	3200.00	2025-02-28 09:00:00	Pagamento de salário	10000000042	SAL202502
40	3200.00	2025-02-28 09:00:00	Pagamento de salário	10000000043	SAL202502
41	3200.00	2025-02-28 09:00:00	Pagamento de salário	10000000052	SAL202502
42	3200.00	2025-02-28 09:00:00	Pagamento de salário	10000000053	SAL202502
43	3200.00	2025-02-28 09:00:00	Pagamento de salário	10000000024	SAL202502
44	3200.00	2025-02-28 09:00:00	Pagamento de salário	10000000025	SAL202502
45	3200.00	2025-02-28 09:00:00	Pagamento de salário	10000000034	SAL202502
46	3200.00	2025-02-28 09:00:00	Pagamento de salário	10000000035	SAL202502
47	3200.00	2025-02-28 09:00:00	Pagamento de salário	10000000044	SAL202502
48	3200.00	2025-02-28 09:00:00	Pagamento de salário	10000000045	SAL202502
49	3200.00	2025-02-28 09:00:00	Pagamento de salário	10000000054	SAL202502
50	3200.00	2025-02-28 09:00:00	Pagamento de salário	10000000055	SAL202502
\.


--
-- Data for Name: turma; Type: TABLE DATA; Schema: public; Owner: postgres
--

COPY public.turma (id, qtd_aulas_semanais, horario_inicio, horario_fim, tamanho, genero, nivel, id_modalidade, cpf_instrutor) FROM stdin;
1	3	08:00:00	09:30:00	20	M	Iniciante	1	11111111111
2	2	10:00:00	11:30:00	15	F	Intermediário	2	22222222222
3	4	14:00:00	15:30:00	25	M	Avançado	3	33333333333
4	3	16:00:00	17:30:00	20	F	Iniciante	4	44444444444
5	2	18:00:00	19:30:00	30	M	Intermediário	5	55555555555
6	2	08:00:00	09:00:00	15	M	Iniciante	6	10000000021
7	3	09:00:00	10:00:00	20	F	Intermediário	7	10000000022
8	2	10:00:00	11:00:00	18	M	Avançado	8	10000000023
9	3	11:00:00	12:00:00	22	F	Iniciante	9	10000000024
10	2	12:00:00	13:00:00	16	M	Intermediário	10	10000000025
11	3	13:00:00	14:00:00	19	F	Avançado	11	10000000026
12	2	14:00:00	15:00:00	17	M	Iniciante	12	10000000027
13	3	15:00:00	16:00:00	21	F	Intermediário	13	10000000028
14	2	16:00:00	17:00:00	23	M	Avançado	14	10000000029
15	3	17:00:00	18:00:00	20	F	Iniciante	15	10000000030
16	2	18:00:00	19:00:00	18	M	Intermediário	16	10000000031
17	3	19:00:00	20:00:00	16	F	Avançado	17	10000000032
18	2	20:00:00	21:00:00	15	M	Iniciante	18	10000000033
19	3	21:00:00	22:00:00	19	F	Intermediário	19	10000000034
20	2	08:30:00	09:30:00	17	M	Avançado	20	10000000035
21	3	09:30:00	10:30:00	21	F	Iniciante	21	10000000036
22	2	10:30:00	11:30:00	23	M	Intermediário	22	10000000037
23	3	11:30:00	12:30:00	20	F	Avançado	23	10000000038
24	2	12:30:00	13:30:00	18	M	Iniciante	24	10000000039
25	3	13:30:00	14:30:00	16	F	Intermediário	25	10000000040
26	2	14:30:00	15:30:00	15	M	Avançado	26	10000000041
27	3	15:30:00	16:30:00	19	F	Iniciante	27	10000000042
28	2	16:30:00	17:30:00	21	M	Intermediário	28	10000000043
29	3	17:30:00	18:30:00	23	F	Avançado	29	10000000044
30	2	18:30:00	19:30:00	20	M	Iniciante	30	10000000045
31	3	19:30:00	20:30:00	18	F	Intermediário	31	10000000046
32	2	20:30:00	21:30:00	16	M	Avançado	32	10000000047
33	3	21:30:00	22:30:00	15	F	Iniciante	33	10000000048
34	2	08:15:00	09:15:00	19	M	Intermediário	34	10000000049
35	3	09:15:00	10:15:00	21	F	Avançado	35	10000000050
36	2	10:15:00	11:15:00	23	M	Iniciante	36	10000000051
37	3	11:15:00	12:15:00	20	F	Intermediário	37	10000000052
38	2	12:15:00	13:15:00	18	M	Avançado	38	10000000053
39	3	13:15:00	14:15:00	16	F	Iniciante	39	10000000054
40	2	14:15:00	15:15:00	15	M	Intermediário	40	10000000055
41	3	15:15:00	16:15:00	19	F	Avançado	1	10000000056
42	2	16:15:00	17:15:00	21	M	Iniciante	2	10000000057
43	3	17:15:00	18:15:00	23	F	Intermediário	3	10000000058
44	2	18:15:00	19:15:00	20	M	Avançado	4	10000000059
45	3	19:15:00	20:15:00	18	F	Iniciante	5	10000000060
\.


--
-- Data for Name: turma_sala; Type: TABLE DATA; Schema: public; Owner: postgres
--

COPY public.turma_sala (id_locacao, id_turma, id_sala, inicio_locacao, fim_locacao) FROM stdin;
1	6	6	2025-01-01	2025-12-31
2	7	7	2025-01-01	2025-12-31
3	8	8	2025-01-01	2025-12-31
4	9	9	2025-01-01	2025-12-31
5	10	10	2025-01-01	2025-12-31
6	11	11	2025-01-01	2025-12-31
7	12	12	2025-01-01	2025-12-31
8	13	13	2025-01-01	2025-12-31
9	14	14	2025-01-01	2025-12-31
10	15	15	2025-01-01	2025-12-31
11	16	16	2025-01-01	2025-12-31
12	17	17	2025-01-01	2025-12-31
13	18	18	2025-01-01	2025-12-31
14	19	19	2025-01-01	2025-12-31
15	20	20	2025-01-01	2025-12-31
16	21	21	2025-01-01	2025-12-31
17	22	22	2025-01-01	2025-12-31
18	23	23	2025-01-01	2025-12-31
19	24	24	2025-01-01	2025-12-31
20	25	25	2025-01-01	2025-12-31
21	26	26	2025-01-01	2025-12-31
22	27	27	2025-01-01	2025-12-31
23	28	28	2025-01-01	2025-12-31
24	29	29	2025-01-01	2025-12-31
25	30	30	2025-01-01	2025-12-31
26	31	31	2025-01-01	2025-12-31
27	32	32	2025-01-01	2025-12-31
28	33	33	2025-01-01	2025-12-31
29	34	34	2025-01-01	2025-12-31
30	35	35	2025-01-01	2025-12-31
31	36	36	2025-01-01	2025-12-31
32	37	37	2025-01-01	2025-12-31
33	38	38	2025-01-01	2025-12-31
34	39	39	2025-01-01	2025-12-31
35	40	40	2025-01-01	2025-12-31
36	41	41	2025-01-01	2025-12-31
37	42	42	2025-01-01	2025-12-31
38	43	43	2025-01-01	2025-12-31
39	44	44	2025-01-01	2025-12-31
40	45	45	2025-01-01	2025-12-31
\.


--
-- Name: campeonato_id_seq; Type: SEQUENCE SET; Schema: public; Owner: postgres
--

SELECT pg_catalog.setval('public.campeonato_id_seq', 1, false);


--
-- Name: equipamentos_id_seq; Type: SEQUENCE SET; Schema: public; Owner: postgres
--

SELECT pg_catalog.setval('public.equipamentos_id_seq', 41, true);


--
-- Name: inscricao_numero_insc_seq; Type: SEQUENCE SET; Schema: public; Owner: postgres
--

SELECT pg_catalog.setval('public.inscricao_numero_insc_seq', 30, true);


--
-- Name: matricula_id_seq; Type: SEQUENCE SET; Schema: public; Owner: postgres
--

SELECT pg_catalog.setval('public.matricula_id_seq', 50, true);


--
-- Name: modalidade_id_seq; Type: SEQUENCE SET; Schema: public; Owner: postgres
--

SELECT pg_catalog.setval('public.modalidade_id_seq', 47, true);


--
-- Name: transacao_entrada_id_seq; Type: SEQUENCE SET; Schema: public; Owner: postgres
--

SELECT pg_catalog.setval('public.transacao_entrada_id_seq', 80, true);


--
-- Name: transacao_saida_id_seq; Type: SEQUENCE SET; Schema: public; Owner: postgres
--

SELECT pg_catalog.setval('public.transacao_saida_id_seq', 50, true);


--
-- Name: turma_id_seq; Type: SEQUENCE SET; Schema: public; Owner: postgres
--

SELECT pg_catalog.setval('public.turma_id_seq', 45, true);


--
-- Name: turma_sala_id_locacao_seq; Type: SEQUENCE SET; Schema: public; Owner: postgres
--

SELECT pg_catalog.setval('public.turma_sala_id_locacao_seq', 40, true);


--
-- Name: administrativo administrativo_pkey; Type: CONSTRAINT; Schema: public; Owner: postgres
--

ALTER TABLE ONLY public.administrativo
    ADD CONSTRAINT administrativo_pkey PRIMARY KEY (cpf);


--
-- Name: aluno aluno_pkey; Type: CONSTRAINT; Schema: public; Owner: postgres
--

ALTER TABLE ONLY public.aluno
    ADD CONSTRAINT aluno_pkey PRIMARY KEY (cpf);


--
-- Name: campeonato campeonato_pkey; Type: CONSTRAINT; Schema: public; Owner: postgres
--

ALTER TABLE ONLY public.campeonato
    ADD CONSTRAINT campeonato_pkey PRIMARY KEY (id);


--
-- Name: equipamentos equipamentos_pkey; Type: CONSTRAINT; Schema: public; Owner: postgres
--

ALTER TABLE ONLY public.equipamentos
    ADD CONSTRAINT equipamentos_pkey PRIMARY KEY (id);


--
-- Name: funcionario funcionario_pkey; Type: CONSTRAINT; Schema: public; Owner: postgres
--

ALTER TABLE ONLY public.funcionario
    ADD CONSTRAINT funcionario_pkey PRIMARY KEY (cpf);


--
-- Name: inscricao inscricao_pkey; Type: CONSTRAINT; Schema: public; Owner: postgres
--

ALTER TABLE ONLY public.inscricao
    ADD CONSTRAINT inscricao_pkey PRIMARY KEY (numero_insc);


--
-- Name: instrutor_modalidade instrutor_modalidade_pkey; Type: CONSTRAINT; Schema: public; Owner: postgres
--

ALTER TABLE ONLY public.instrutor_modalidade
    ADD CONSTRAINT instrutor_modalidade_pkey PRIMARY KEY (cpf_instrutor, id_modalidade);


--
-- Name: instrutor instrutor_pkey; Type: CONSTRAINT; Schema: public; Owner: postgres
--

ALTER TABLE ONLY public.instrutor
    ADD CONSTRAINT instrutor_pkey PRIMARY KEY (cpf);


--
-- Name: matricula matricula_pkey; Type: CONSTRAINT; Schema: public; Owner: postgres
--

ALTER TABLE ONLY public.matricula
    ADD CONSTRAINT matricula_pkey PRIMARY KEY (id);


--
-- Name: modalidade modalidade_pkey; Type: CONSTRAINT; Schema: public; Owner: postgres
--

ALTER TABLE ONLY public.modalidade
    ADD CONSTRAINT modalidade_pkey PRIMARY KEY (id);


--
-- Name: pagamentos pagamentos_pkey; Type: CONSTRAINT; Schema: public; Owner: postgres
--

ALTER TABLE ONLY public.pagamentos
    ADD CONSTRAINT pagamentos_pkey PRIMARY KEY (id_transacao);


--
-- Name: sala_equipamento sala_equipamento_pkey; Type: CONSTRAINT; Schema: public; Owner: postgres
--

ALTER TABLE ONLY public.sala_equipamento
    ADD CONSTRAINT sala_equipamento_pkey PRIMARY KEY (id_equipamento, id_sala);


--
-- Name: sala_modalidade sala_modalidade_pkey; Type: CONSTRAINT; Schema: public; Owner: postgres
--

ALTER TABLE ONLY public.sala_modalidade
    ADD CONSTRAINT sala_modalidade_pkey PRIMARY KEY (id_sala, id_modalidade);


--
-- Name: sala sala_pkey; Type: CONSTRAINT; Schema: public; Owner: postgres
--

ALTER TABLE ONLY public.sala
    ADD CONSTRAINT sala_pkey PRIMARY KEY (numero);


--
-- Name: transacao_entrada transacao_entrada_pkey; Type: CONSTRAINT; Schema: public; Owner: postgres
--

ALTER TABLE ONLY public.transacao_entrada
    ADD CONSTRAINT transacao_entrada_pkey PRIMARY KEY (id);


--
-- Name: transacao_saida transacao_saida_pkey; Type: CONSTRAINT; Schema: public; Owner: postgres
--

ALTER TABLE ONLY public.transacao_saida
    ADD CONSTRAINT transacao_saida_pkey PRIMARY KEY (id);


--
-- Name: turma turma_pkey; Type: CONSTRAINT; Schema: public; Owner: postgres
--

ALTER TABLE ONLY public.turma
    ADD CONSTRAINT turma_pkey PRIMARY KEY (id);


--
-- Name: turma_sala turma_sala_pkey; Type: CONSTRAINT; Schema: public; Owner: postgres
--

ALTER TABLE ONLY public.turma_sala
    ADD CONSTRAINT turma_sala_pkey PRIMARY KEY (id_locacao);


--
-- Name: idx_aluno_email; Type: INDEX; Schema: public; Owner: postgres
--

CREATE INDEX idx_aluno_email ON public.aluno USING btree (email);


--
-- Name: idx_funcionario_data_admissao; Type: INDEX; Schema: public; Owner: postgres
--

CREATE INDEX idx_funcionario_data_admissao ON public.funcionario USING btree (data_admissao);


--
-- Name: idx_matricula_cpf_aluno; Type: INDEX; Schema: public; Owner: postgres
--

CREATE INDEX idx_matricula_cpf_aluno ON public.matricula USING btree (cpf_aluno);


--
-- Name: administrativo administrativo_cpf_fkey; Type: FK CONSTRAINT; Schema: public; Owner: postgres
--

ALTER TABLE ONLY public.administrativo
    ADD CONSTRAINT administrativo_cpf_fkey FOREIGN KEY (cpf) REFERENCES public.funcionario(cpf);


--
-- Name: campeonato campeonato_sala_fkey; Type: FK CONSTRAINT; Schema: public; Owner: postgres
--

ALTER TABLE ONLY public.campeonato
    ADD CONSTRAINT campeonato_sala_fkey FOREIGN KEY (sala) REFERENCES public.sala(numero);


--
-- Name: funcionario funcionario_cpf_adm_fkey; Type: FK CONSTRAINT; Schema: public; Owner: postgres
--

ALTER TABLE ONLY public.funcionario
    ADD CONSTRAINT funcionario_cpf_adm_fkey FOREIGN KEY (cpf_adm) REFERENCES public.administrativo(cpf);


--
-- Name: inscricao inscricao_cpf_aluno_fkey; Type: FK CONSTRAINT; Schema: public; Owner: postgres
--

ALTER TABLE ONLY public.inscricao
    ADD CONSTRAINT inscricao_cpf_aluno_fkey FOREIGN KEY (cpf_aluno) REFERENCES public.aluno(cpf);


--
-- Name: inscricao inscricao_id_campeonato_fkey; Type: FK CONSTRAINT; Schema: public; Owner: postgres
--

ALTER TABLE ONLY public.inscricao
    ADD CONSTRAINT inscricao_id_campeonato_fkey FOREIGN KEY (id_campeonato) REFERENCES public.campeonato(id);


--
-- Name: inscricao inscricao_id_transacao_fkey; Type: FK CONSTRAINT; Schema: public; Owner: postgres
--

ALTER TABLE ONLY public.inscricao
    ADD CONSTRAINT inscricao_id_transacao_fkey FOREIGN KEY (id_transacao) REFERENCES public.transacao_entrada(id);


--
-- Name: instrutor instrutor_cpf_fkey; Type: FK CONSTRAINT; Schema: public; Owner: postgres
--

ALTER TABLE ONLY public.instrutor
    ADD CONSTRAINT instrutor_cpf_fkey FOREIGN KEY (cpf) REFERENCES public.funcionario(cpf);


--
-- Name: instrutor_modalidade instrutor_modalidade_cpf_instrutor_fkey; Type: FK CONSTRAINT; Schema: public; Owner: postgres
--

ALTER TABLE ONLY public.instrutor_modalidade
    ADD CONSTRAINT instrutor_modalidade_cpf_instrutor_fkey FOREIGN KEY (cpf_instrutor) REFERENCES public.instrutor(cpf);


--
-- Name: instrutor_modalidade instrutor_modalidade_id_modalidade_fkey; Type: FK CONSTRAINT; Schema: public; Owner: postgres
--

ALTER TABLE ONLY public.instrutor_modalidade
    ADD CONSTRAINT instrutor_modalidade_id_modalidade_fkey FOREIGN KEY (id_modalidade) REFERENCES public.modalidade(id);


--
-- Name: matricula matricula_cpf_aluno_fkey; Type: FK CONSTRAINT; Schema: public; Owner: postgres
--

ALTER TABLE ONLY public.matricula
    ADD CONSTRAINT matricula_cpf_aluno_fkey FOREIGN KEY (cpf_aluno) REFERENCES public.aluno(cpf);


--
-- Name: matricula matricula_id_transacao_fkey; Type: FK CONSTRAINT; Schema: public; Owner: postgres
--

ALTER TABLE ONLY public.matricula
    ADD CONSTRAINT matricula_id_transacao_fkey FOREIGN KEY (id_transacao) REFERENCES public.transacao_entrada(id);


--
-- Name: matricula matricula_id_turma_fkey; Type: FK CONSTRAINT; Schema: public; Owner: postgres
--

ALTER TABLE ONLY public.matricula
    ADD CONSTRAINT matricula_id_turma_fkey FOREIGN KEY (id_turma) REFERENCES public.turma(id);


--
-- Name: pagamentos pagamentos_cpf_func_fkey; Type: FK CONSTRAINT; Schema: public; Owner: postgres
--

ALTER TABLE ONLY public.pagamentos
    ADD CONSTRAINT pagamentos_cpf_func_fkey FOREIGN KEY (cpf_func) REFERENCES public.funcionario(cpf);


--
-- Name: pagamentos pagamentos_id_transacao_fkey; Type: FK CONSTRAINT; Schema: public; Owner: postgres
--

ALTER TABLE ONLY public.pagamentos
    ADD CONSTRAINT pagamentos_id_transacao_fkey FOREIGN KEY (id_transacao) REFERENCES public.transacao_saida(id);


--
-- Name: sala_equipamento sala_equipamento_id_equipamento_fkey; Type: FK CONSTRAINT; Schema: public; Owner: postgres
--

ALTER TABLE ONLY public.sala_equipamento
    ADD CONSTRAINT sala_equipamento_id_equipamento_fkey FOREIGN KEY (id_equipamento) REFERENCES public.equipamentos(id);


--
-- Name: sala_equipamento sala_equipamento_id_sala_fkey; Type: FK CONSTRAINT; Schema: public; Owner: postgres
--

ALTER TABLE ONLY public.sala_equipamento
    ADD CONSTRAINT sala_equipamento_id_sala_fkey FOREIGN KEY (id_sala) REFERENCES public.sala(numero);


--
-- Name: sala_modalidade sala_modalidade_id_modalidade_fkey; Type: FK CONSTRAINT; Schema: public; Owner: postgres
--

ALTER TABLE ONLY public.sala_modalidade
    ADD CONSTRAINT sala_modalidade_id_modalidade_fkey FOREIGN KEY (id_modalidade) REFERENCES public.modalidade(id);


--
-- Name: sala_modalidade sala_modalidade_id_sala_fkey; Type: FK CONSTRAINT; Schema: public; Owner: postgres
--

ALTER TABLE ONLY public.sala_modalidade
    ADD CONSTRAINT sala_modalidade_id_sala_fkey FOREIGN KEY (id_sala) REFERENCES public.sala(numero);


--
-- Name: turma turma_cpf_instrutor_fkey; Type: FK CONSTRAINT; Schema: public; Owner: postgres
--

ALTER TABLE ONLY public.turma
    ADD CONSTRAINT turma_cpf_instrutor_fkey FOREIGN KEY (cpf_instrutor) REFERENCES public.instrutor(cpf);


--
-- Name: turma turma_id_modalidade_fkey; Type: FK CONSTRAINT; Schema: public; Owner: postgres
--

ALTER TABLE ONLY public.turma
    ADD CONSTRAINT turma_id_modalidade_fkey FOREIGN KEY (id_modalidade) REFERENCES public.modalidade(id);


--
-- Name: turma_sala turma_sala_id_sala_fkey; Type: FK CONSTRAINT; Schema: public; Owner: postgres
--

ALTER TABLE ONLY public.turma_sala
    ADD CONSTRAINT turma_sala_id_sala_fkey FOREIGN KEY (id_sala) REFERENCES public.sala(numero);


--
-- Name: turma_sala turma_sala_id_turma_fkey; Type: FK CONSTRAINT; Schema: public; Owner: postgres
--

ALTER TABLE ONLY public.turma_sala
    ADD CONSTRAINT turma_sala_id_turma_fkey FOREIGN KEY (id_turma) REFERENCES public.turma(id);


--
-- PostgreSQL database dump complete
--

